depth(cm),OC-21-01_LOI,OC-21-01_porosity,OC-21-01_dbd,OC-21-02_LOI,OC-21-02_porosity,OC-21-02_dbd,OC-21-03_LOI,OC-21-03_porosity,OC-21-03_dbd,OC-21-01_elevNAVD88,OC-21-01_mean,OC-21-01_d5,OC-21-01_d50,OC-21-01_d95,OC-21-01_percentclay,OC-21-01_percentsilt,OC-21-01_percentsand,OC-21-02_elevNAVD88,OC-21-02_mean,OC-21-02_d5,OC-21-02_d50,OC-21-02_d95,OC-21-02_percentclay,OC-21-02_percentsilt,OC-21-02_percentsand,OC-21-03_elevNAVD88,OC-21-03_mean,OC-21-03_d5,OC-21-03_d50,OC-21-03_d95,OC-21-03_percentclay,OC-21-03_percentsilt,OC-21-03_percentsand,OC-21-01_Year,OC-21-01_MAR,OC-21-01_uMAR,OC-21-01_SAR,OC-21-01_uSAR,OC-21-01_DBD,OC-21-01_uDBD,OC-21-02_Year,OC-21-02_MAR,OC-21-02_uMAR,OC-21-02_SAR,OC-21-02_uSAR,OC-21-02_DBD,OC-21-02_uDBD,OC-21-03_Year,OC-21-03_MAR,OC-21-03_uMAR,OC-21-03_SAR,OC-21-03_uSAR,OC-21-03_DBD,OC-21-03_uDBD,OC-21-01_OC-21-02MAR,OC-21-01_OC-21-02SAR,OC-21-01_OC-21-03MAR,OC-21-01_OC-21-03SAR,OC-21-02_OC-21-01MAR,OC-21-02_OC-21-01SAR,OC-21-02_OC-21-03MAR,OC-21-02_OC-21-03SAR,OC-21-03_OC-21-01MAR,OC-21-03_OC-21-01SAR,OC-21-03_OC-21-02MAR,OC-21-03_OC-21-02SAR
0.5,0.298469882,0.906738143,0.24714392,0.250195122,0.907092337,0.246205307,0.247416021,0.905170467,0.251298262,0.213,33.49296794,5,32,75,4.378686394,82.1853444,13.42597221,0.159,40.72843847,6,38,90,4.279572043,70.0229977,25.68743126,0.111,35.27865979,4,32,85,5.680568057,75.39753975,18.89188919,2021.48785,0.17756,0.00242,0.71844,0.02412,0.247,0.005,2021.48785,0.15802,0.00188,0.64184,0.02139,0.246,0.005,2021.48785,0.15258,0.00185,0.60719,0.02019,0.251,0.005,0.15802,0.64184,0.15258,0.60719,0.17756,0.71844,0.15258,0.60719,0.17756,0.71844,0.15802,0.64184
1.5,0.246604999,0.916848464,0.220351571,0.283139673,0.903797003,0.254937943,0.244816351,0.906236924,0.248472152,0.203,43.66769866,6,40,95,4.049190162,66.94661068,29.00419916,0.149,38.33219814,5,36,90,4.820964193,72.65453091,22.5145029,0.101,28.31072165,4,22,63,5.619438056,86.51134887,7.849215078,2020.10974,0.17457,0.00253,0.74682,0.02451,0.22,0.004,2020.14672,0.17029,0.00229,0.67962,0.02333,0.255,0.005,2020.19647,0.18549,0.00275,0.7465,0.02564,0.248,0.005,0.17029,0.67962,0.18549,0.7465,0.17457,0.74682,0.18549,0.7465,0.17457,0.74682,0.17029,0.67962
2.5,0.265579555,0.910811099,0.236350588,0.284561996,0.902205571,0.259155238,0.26368524,0.906487198,0.247808926,0.193,40.90247934,6,38,90,4.279144171,70.22595481,25.48490302,0.139,35.68650875,4,32,85,5.081016203,75.83516703,19.07381476,0.091,33.6392379,4,28,80,5.6,78,16.38,2018.81491,0.16827,0.00244,0.73687,0.02597,0.236,0.005,2018.53071,0.15479,0.00201,0.60218,0.02027,0.259,0.005,2018.78982,0.16659,0.00234,0.67224,0.02301,0.248,0.005,0.15479,0.60218,0.16659,0.67224,0.16827,0.73687,0.16659,0.67224,0.16827,0.73687,0.15479,0.60218
3.5,0.248747592,0.91010718,0.238215973,0.29873036,0.908124505,0.243470063,0.272035295,0.900272688,0.264277378,0.183,42.58217617,6.5,40,95,3.909609039,68.99310069,27.09729027,0.129,27.55409836,5,22,63,4.24,90.42,5.33,0.081,33.32257732,4.45,28,80,4.997501249,79.64017991,15.34232884,2017.39179,0.16241,0.00239,0.68446,0.02356,0.238,0.005,2016.82232,0.15447,0.00208,0.61463,0.02022,0.243,0.005,2017.21053,0.15376,0.00213,0.5818,0.01978,0.264,0.005,0.15447,0.61463,0.15376,0.5818,0.16241,0.68446,0.15376,0.5818,0.16241,0.68446,0.15447,0.61463
4.5,0.282537313,0.910709651,0.236619426,0.315948856,0.908926535,0.241344683,0.269611501,0.89831461,0.269466284,0.173,42.58737166,6,38,96.75,4.170417042,67.45674567,28.36283628,0.119,38.61377184,6,38,85,3.890778156,75.55511102,20.55411082,0.071,27.73473792,4,20,63,5.577211394,87.08645677,7.316341829,2015.89035,0.15295,0.00226,0.64422,0.02212,0.237,0.005,2015.28201,0.16022,0.00229,0.66096,0.02247,0.241,0.005,2015.45196,0.13963,0.00189,0.51818,0.01744,0.269,0.005,0.16022,0.66096,0.13963,0.51818,0.15295,0.64422,0.13963,0.51818,0.15295,0.64422,0.16022,0.66096
5.5,0.333020174,0.908330012,0.242925468,0.30143585,0.909964965,0.238592843,0.285580938,0.90449877,0.253078259,0.163,39.23091286,5.15,36,90,4.359128174,71.80563887,23.82523495,0.109,29.61766529,6,25,63,4.349130174,87.80243951,7.848430314,0.061,28.53195876,5,22,63,4.738104758,88.33466613,6.907237105,2014.28351,0.14463,0.00216,0.60318,0.02101,0.243,0.005,2013.79977,0.16767,0.00257,0.69871,0.02409,0.239,0.005,2013.36926,0.12398,0.00163,0.48987,0.01646,0.253,0.005,0.16767,0.69871,0.12398,0.48987,0.14463,0.60318,0.12398,0.48987,0.14463,0.60318,0.16767,0.69871
6.5,0.339557715,0.906553785,0.247632469,0.305581373,0.908431315,0.242657015,0.300019587,0.907374958,0.245456362,0.153,39.80196078,5,36,95,4.50909818,70.87582484,24.60507898,0.099,29.23759011,6,25,63,3.951185356,89.28678604,6.762028609,0.051,34.3313786,4,30,80,5.14,78.59,16.24,2012.57092,0.14874,0.00236,0.60643,0.02128,0.248,0.005,2012.42441,0.1613,0.00249,0.67034,0.02332,0.243,0.005,2011.23822,0.11644,0.00155,0.47438,0.01606,0.245,0.005,0.1613,0.67034,0.11644,0.47438,0.14874,0.60643,0.11644,0.47438,0.14874,0.60643,0.1613,0.67034
7.5,0.305157381,0.906078514,0.248891938,0.31967404,0.911141795,0.235474243,0.328634834,0.903615368,0.255419276,0.143,40.50943983,5,36,95,4.818554434,68.97930621,26.19214236,0.089,39.6610483,6,38,85,3.920784157,73.51470294,22.5545109,0.041,33.68859198,5,32,75,4.67,80.98,14.33,2010.99647,0.15101,0.00251,0.60827,0.02145,0.249,0.005,2010.80466,0.13575,0.00194,0.56786,0.01933,0.235,0.005,2009.08887,0.10536,0.00139,0.41248,0.01391,0.255,0.005,0.13575,0.56786,0.10536,0.41248,0.15101,0.60827,0.10536,0.41248,0.15101,0.60827,0.13575,0.56786
8.5,0.342575597,0.905872279,0.24943846,0.332227016,0.900983173,0.262394593,0.377331206,0.902358508,0.258749953,0.133,36.9868666,5,32,88.5,4.82,74.52,20.65,0.079,38.38715026,5.2,36,85,4.439112178,74.00519896,21.54569086,0.031,29.57742268,5,25,63,4.579084183,87.25254949,8.138372326,2009.27676,0.16897,0.00315,0.67816,0.02454,0.249,0.005,2008.89179,0.12944,0.00187,0.51997,0.01865,0.262,0.005,2006.44753,0.10678,0.0015,0.41266,0.01408,0.259,0.005,0.12944,0.51997,0.10678,0.41266,0.16897,0.67816,0.10678,0.41266,0.16897,0.67816,0.12944,0.51997
9.5,0.319862945,0.906290368,0.248330524,0.321287058,0.896660582,0.273849458,0.365157059,0.899658992,0.265903671,0.123,38.92171665,5,36,95,4.830483048,71.44714471,23.71237124,0.069,40.46814433,5,38,90,4.450890178,70.29405881,25.24504901,0.021,34.07461459,5,32,80,4.41,80.69,14.88,2008.07257,0.21609,0.00494,0.86825,0.03341,0.248,0.005,2006.97784,0.12534,0.00186,0.46748,0.01649,0.274,0.005,2004.32107,0.10141,0.00145,0.38138,0.01294,0.266,0.005,0.12534,0.46748,0.10141,0.38138,0.21609,0.86825,0.10141,0.38138,0.21609,0.86825,0.12534,0.46748
10.5,0.304697007,0.906041277,0.248990615,0.363761511,0.886199417,0.301571544,0.323467746,0.907999539,0.243801222,0.113,44.23103093,5,38,106,4.730473047,65.25652565,30.0030003,0.059,29.80010288,6,28,63,4.061218366,88.78663599,7.152145644,0.011,27.00010288,5,20,63,4.929014197,89.41211758,5.638872226,2006.97736,0.23594,0.00596,0.94884,0.03801,0.249,0.005,2004.57901,0.12516,0.00196,0.43503,0.01545,0.302,0.006,2001.18816,0.08776,0.00124,0.35997,0.01218,0.244,0.005,0.12516,0.43503,0.08776,0.35997,0.23594,0.94884,0.08776,0.35997,0.23594,0.94884,0.12516,0.43503
11.5,0.326208084,0.904595866,0.252820956,0.352576662,0.910906104,0.236098825,0.334043713,0.915875483,0.222929971,0.103,37.76207605,5,36,87,4.530906181,74.02480496,21.43428686,0.049,45.19137214,5,40,106,4.4486654,64.07077877,31.46056183,0.001,26.30972079,5,20,56,4.739526047,90.85091491,4.379562044,2005.96811,0.24883,0.00676,0.99173,0.04108,0.253,0.005,2002.43285,0.14881,0.00279,0.55354,0.01836,0.236,0.005,1998.54355,0.08932,0.00135,0.40068,0.01383,0.223,0.004,0.14881,0.55354,0.08932,0.40068,0.24883,0.99173,0.08932,0.40068,0.24883,0.99173,0.14881,0.55354
12.5,0.30953882,0.903487147,0.25575906,0.337987505,0.907303995,0.245644413,0.331394771,0.915984118,0.222642089,0.093,37.20667351,5,36,85,4.65,74.66,20.67,0.039,35.81469979,5,32,80,4.809519048,76.77232277,18.39816018,-0.009,34.15599174,5,32,78.25,4.541362409,80.70421126,14.73442033,2004.96148,0.28959,0.00935,1.13881,0.05093,0.256,0.005,2000.9643,0.15136,0.003,0.62837,0.0234,0.246,0.005,1995.9724,0.09807,0.00168,0.44049,0.01558,0.223,0.004,0.15136,0.62837,0.09807,0.44049,0.28959,1.13881,0.09807,0.44049,0.28959,1.13881,0.15136,0.62837
13.5,0.294331748,0.911577316,0.234320113,0.357007622,0.909332426,0.240269071,0.321781698,0.91761138,0.218329844,0.083,30.73154639,4,25,71,5.228954209,84.06318736,10.69786043,0.029,39.97607803,5,36,90,4.541362409,70.30109033,25.14754426,-0.019,32.56160164,5,28,75,4.631389417,83.27498249,12.07362209,2004.2211,0.29832,0.01019,1.21745,0.05491,0.234,0.005,1999.2361,0.11098,0.00183,0.45681,0.01582,0.24,0.005,1994.04906,0.09759,0.00175,0.447,0.01596,0.218,0.004,0.11098,0.45681,0.09759,0.447,0.29832,1.21745,0.09759,0.447,0.29832,1.21745,0.11098,0.45681
14.5,0.290430573,0.918180061,0.216822839,0.346993998,0.915039679,0.225144852,0.32386701,0.921011059,0.209320695,0.073,44.41861427,5,38,106,4.81,65.1,30.08,0.019,41.63309278,5.45,38,95,4.350870174,68.38367674,27.25545109,-0.029,35.25958974,5,32,80,4.340434043,79.44794479,16.19161916,2003.32397,0.2443,0.00716,1.08304,0.04555,0.217,0.004,1996.53224,0.09687,0.00156,0.41628,0.01412,0.225,0.004,1991.41312,0.089,0.0016,0.42517,0.01526,0.209,0.004,0.09687,0.41628,0.089,0.42517,0.2443,1.08304,0.089,0.42517,0.2443,1.08304,0.09687,0.41628
15.5,0.263880656,0.908373858,0.242809275,0.323490315,0.918616322,0.215666748,0.327399873,0.919702757,0.212787693,0.063,39.71453608,4.45,36,95,4.920492049,70.3470347,24.72247225,0.009,38.48994819,6,36,90,4.429557044,73.46265373,22.09779022,-0.039,33.06683884,5,28,75,4.429557044,82.16178382,13.38866113,2002.37695,0.18211,0.00434,0.79241,0.03223,0.243,0.005,1994.46199,0.11318,0.00213,0.51351,0.01827,0.216,0.004,1989.27323,0.0902,0.00173,0.42389,0.01551,0.213,0.004,0.11318,0.51351,0.0902,0.42389,0.18211,0.79241,0.0902,0.42389,0.18211,0.79241,0.11318,0.51351
16.5,0.255700634,0.902506413,0.258358006,0.319418182,0.922710702,0.20481664,0.317985825,0.915831548,0.223046397,0.053,56.36227979,4.2,40,150,4.920984197,59.06181236,35.99719944,-0.001,31.31532922,5,25,71,4.54,84.83,10.62,-0.049,34.57626943,5,32,80,4.519096181,79.9140172,15.54689062,2000.74587,0.13028,0.0026,0.51991,0.0196,0.258,0.005,1992.64915,0.10947,0.00211,0.52067,0.01865,0.205,0.004,1986.70441,0.07885,0.00148,0.35354,0.01286,0.223,0.004,0.10947,0.52067,0.07885,0.35354,0.13028,0.51991,0.07885,0.35354,0.13028,0.51991,0.10947,0.52067
17.5,0.26173097,0.90235622,0.258756017,0.32639326,0.923001174,0.20404689,0.312748608,0.911392661,0.234809449,0.043,38.94152893,3.35,32,95,5.701710513,69.30079024,24.97749325,-0.011,35.0576725,6,32,80,4.050405041,79.43794379,16.51165117,-0.059,32.60659114,5,28,75,4.581374412,83.08492548,12.31369411,1998.48209,0.12174,0.00249,0.47082,0.01745,0.259,0.005,1990.6151,0.10661,0.00213,0.52149,0.01939,0.204,0.004,1983.71567,0.07042,0.00133,0.29988,0.01081,0.235,0.005,0.10661,0.52149,0.07042,0.29988,0.12174,0.47082,0.07042,0.29988,0.12174,0.47082,0.10661,0.52149
18.5,0.274619814,0.90607824,0.248892663,0.343802112,0.913038233,0.230448682,0.336437148,0.909822135,0.238971341,0.033,48.30442842,4.5,38,130,4.97049705,61.93619362,33.07330733,-0.021,32.64140062,5.5,28,75,4.15,83.35,12.49,-0.069,27.20237113,5,22,63,4.439556044,90.2109789,5.329467053,1996.52143,0.1256,0.00276,0.49484,0.01854,0.249,0.005,1988.83047,0.09603,0.00186,0.44203,0.01712,0.23,0.005,1980.15333,0.06441,0.00126,0.26954,0.00915,0.239,0.004,0.09603,0.44203,0.06441,0.26954,0.1256,0.49484,0.06441,0.26954,0.1256,0.49484,0.09603,0.44203
19.5,0.289712259,0.908106751,0.243517111,0.365646019,0.89777572,0.270894342,0.317472853,0.909846921,0.23890566,0.023,43.85711319,4.1,36,112,5.129487051,65.02349765,29.8270173,-0.031,31.62450879,6,28,71,3.909609039,85.45145485,10.63893611,-0.079,35.27352637,6,36,78.5,4.159584042,80.78192181,15.05849415,1994.43671,0.11831,0.00266,0.48054,0.01829,0.244,0.005,1985.98066,0.07348,0.00128,0.29315,0.01093,0.271,0.005,1976.35105,0.06098,0.00127,0.25526,0.00913,0.239,0.004,0.07348,0.29315,0.06098,0.25526,0.11831,0.48054,0.06098,0.25526,0.11831,0.48054,0.07348,0.29315
20.5,0.266466374,0.907585121,0.24489943,0.337731639,0.916304315,0.221793565,0.318373419,0.909864592,0.238858831,0.013,31.46656379,5,28,71,4.550455046,84.73847385,10.70107011,-0.041,27.61087179,6,22,56,3.95,91,5.03,-0.089,27.45487179,5,22,63,4.500450045,89.7389739,5.740574057,1992.36197,0.11104,0.00256,0.45471,0.01758,0.245,0.005,1981.85691,0.0638,0.00113,0.259,0.00858,0.222,0.004,1972.30697,0.05491,0.00119,0.2299,0.00855,0.239,0.005,0.0638,0.259,0.05491,0.2299,0.11104,0.45471,0.05491,0.2299,0.11104,0.45471,0.0638,0.259
21.5,0.255769958,0.90902538,0.241082744,0.303736326,0.914592787,0.226329114,0.324639262,0.915177962,0.224778401,0.003,51.21960784,6,40,130,4.220422042,59.7859786,35.97359736,-0.051,29.15969072,6,25,63,4.119588041,88.90110989,6.97930207,-0.099,34.48878601,5,32,80,4.430886177,80.0060012,15.55311062,1990.02336,0.10383,0.00246,0.42728,0.01659,0.241,0.005,1978.31922,0.06618,0.00131,0.29535,0.01103,0.226,0.004,1967.58567,0.04977,0.00115,0.2214,0.00829,0.225,0.004,0.06618,0.29535,0.04977,0.2214,0.10383,0.42728,0.04977,0.2214,0.10383,0.42728,0.06618,0.29535
22.5,0.264852182,0.909665763,0.239385727,0.296280896,0.904733154,0.252457141,0.321719102,0.909387429,0.240123314,-0.007,47.17039337,5.25,38,112,4.349130174,62.5374925,33.09338132,-0.061,28.60348361,5,22,63,4.520904181,88.41768354,7.051410282,-0.109,32.89203723,5,28,75,4.528188725,82.5069972,12.95481807,1987.68428,0.10399,0.00264,0.43287,0.01727,0.239,0.005,1975.14364,0.06658,0.00143,0.27811,0.0109,0.252,0.005,1963.03025,0.05496,0.00152,0.22889,0.00915,0.24,0.004,0.06658,0.27811,0.05496,0.22889,0.10399,0.43287,0.05496,0.22889,0.10399,0.43287,0.06658,0.27811
23.5,0.261698957,0.912344018,0.232288352,0.314579136,0.902806481,0.257562825,0.311211437,0.905261655,0.251056616,-0.017,30.89021627,5,25,75,4.94,83.72,11.32,-0.071,37.38795431,6,36,85,4.169583042,76.05239476,19.7680232,-0.119,28.2938208,5,22,63,4.389561044,89.47105289,6.119388061,1985.411,0.10247,0.00275,0.43447,0.01766,0.232,0.005,1971.03037,0.06017,0.00135,0.23595,0.00906,0.258,0.005,1959.3141,0.06457,0.00219,0.25718,0.01144,0.251,0.005,0.06017,0.23595,0.06457,0.25718,0.10247,0.43447,0.06457,0.25718,0.10247,0.43447,0.06017,0.23595
24.5,0.268651021,0.911506251,0.234508434,0.339230984,0.906278945,0.248360797,0.328329321,0.906708668,0.247222029,-0.027,42.50680412,5,36,100,4.361308393,66.86005802,28.75862759,-0.081,35.22386831,5.55,32,80,4.211263379,79.64389317,16.14484345,-0.129,33.56933333,5,32,75,4.41,82.44,13.15,1983.08027,0.12008,0.00375,0.51446,0.02272,0.235,0.005,1966.66211,0.06847,0.00187,0.27067,0.01109,0.248,0.005,1955.43112,0.05971,0.00193,0.24153,0.01015,0.247,0.004,0.06847,0.27067,0.05971,0.24153,0.12008,0.51446,0.05971,0.24153,0.12008,0.51446,0.06847,0.27067
25.5,0.24752916,0.909081746,0.240933372,0.329612015,0.903479048,0.255780523,0.363985046,0.914685858,0.226082477,-0.037,39.26487047,6,36,90,4.598620414,72.2583225,23.13306008,-0.091,27.27658031,5.2,22,61.6,4.419558044,90.2909709,5.269473053,-0.139,33.37871901,5,32,75,4.330866173,82.31646329,13.34266853,1981.58032,0.12403,0.00412,0.52175,0.02391,0.241,0.005,1963.79557,0.0592,0.00157,0.23485,0.0097,0.256,0.005,1950.91117,0.05054,0.00159,0.22356,0.00983,0.226,0.004,0.0592,0.23485,0.05054,0.22356,0.12403,0.52175,0.05054,0.22356,0.12403,0.52175,0.0592,0.23485
26.5,0.266358464,0.905327737,0.250881497,0.313833992,0.897741908,0.270983944,0.421086013,0.92341015,0.202963104,-0.047,40.09968912,6,36,90,4.33869839,71.40857743,24.24272718,-0.101,32.86673532,5,28,75,4.449110178,83.05338932,12.4975005,-0.149,33.36687371,6,28,75,4.229577042,81.97180282,13.77862214,1979.18569,0.0973,0.00302,0.39567,0.01759,0.251,0.005,1957.69768,0.046,0.00121,0.17466,0.00723,0.271,0.005,1946.05394,0.0506,0.00181,0.24932,0.01258,0.203,0.005,0.046,0.17466,0.0506,0.24932,0.0973,0.39567,0.0506,0.24932,0.0973,0.39567,0.046,0.17466
27.5,0.258699201,0.899989582,0.265027607,0.315672004,0.897881045,0.270615231,0.474903096,0.929015728,0.188108322,-0.057,42.73738318,6,38,95,4.429557044,67.00329967,28.55714429,-0.111,26.22652219,5,20,56,4.699530047,90.66093391,4.619538046,-0.159,35.32147303,6,32,80,3.949210158,80.49390122,15.53689262,1976.50909,0.09127,0.00297,0.35382,0.01612,0.265,0.005,1952.6556,0.05608,0.00193,0.20708,0.00954,0.271,0.005,1942.55603,0.06186,0.00296,0.32884,0.01953,0.188,0.004,0.05608,0.20708,0.06186,0.32884,0.09127,0.35382,0.06186,0.32884,0.09127,0.35382,0.05608,0.20708
28.5,0.277782737,0.900590948,0.263433989,0.397419607,0.905514329,0.250387029,0.487647638,0.930217485,0.184923665,-0.067,36.90341262,5.3,36,85,4.399560044,76.09239076,19.49805019,-0.121,28.51615226,5,22,63,4.840968194,87.5575115,7.581516303,-0.169,26.94490216,5,22,56,4.540454045,90.54905491,4.880488049,1973.51477,0.10404,0.00402,0.39374,0.01945,0.263,0.005,1948.1551,0.07062,0.0033,0.2711,0.015,0.25,0.005,1939.78285,0.07051,0.00417,0.38127,0.0267,0.185,0.004,0.07062,0.2711,0.07051,0.38127,0.10404,0.39374,0.07051,0.38127,0.10404,0.39374,0.07062,0.2711
29.5,0.275185347,0.904132396,0.254049152,0.426223794,0.915091069,0.225008668,0.471020846,0.926816012,0.193937569,-0.077,33.83960905,5.55,28,80,4.410441044,80.96809681,14.62146215,-0.131,32.61841564,6,28,75,4.151245374,84.27528258,11.57347204,-0.179,27.52784679,5,22,63,4.419558044,89.9410059,5.619438056,1971.5089,0.12957,0.00626,0.50077,0.02862,0.254,0.005,1945.42125,0.06053,0.00268,0.25464,0.01353,0.225,0.004,1937.29037,0.05562,0.00304,0.28681,0.01896,0.194,0.005,0.06053,0.25464,0.05562,0.28681,0.12957,0.50077,0.05562,0.28681,0.12957,0.50077,0.06053,0.25464
30.5,0.282661571,0.901580432,0.260811857,0.438144836,0.912420001,0.232086998,0.413271916,0.92885896,0.188523757,-0.087,33.30854789,5,28,80,4.570457046,80.83808381,14.58145815,-0.141,31.28221994,5.6,28,71,4.330433043,85.53855386,10.1110111,-0.189,32.84552929,6,32,72.6,4.051215365,84.19525858,11.73352006,1969.52343,0.12779,0.00665,0.49639,0.03015,0.261,0.005,1940.13878,0.04603,0.00189,0.20141,0.01034,0.232,0.005,1932.72522,0.03958,0.00186,0.20996,0.01234,0.189,0.004,0.04603,0.20141,0.03958,0.20996,0.12779,0.49639,0.03958,0.20996,0.12779,0.49639,0.04603,0.20141
31.5,0.305697622,0.904429705,0.253261281,0.444224684,0.929639108,0.186456364,0.424730137,0.937553661,0.165482799,-0.097,35.24741736,6,32,80,4.239576042,78.90210979,16.85831417,-0.151,28.19599178,5,22,63,4.539546045,88.93110689,6.499350065,-0.199,27.58201439,5,22,63,4.261704682,90.32613045,5.392156863,1967.48048,0.11276,0.00563,0.43871,0.02571,0.253,0.005,1935.68245,0.04794,0.00228,0.22906,0.01261,0.186,0.004,1927.5767,0.03316,0.00157,0.20035,0.01269,0.165,0.004,0.04794,0.22906,0.03316,0.20035,0.11276,0.43871,0.03316,0.20035,0.11276,0.43871,0.04794,0.22906
32.5,0.290925346,0.900702147,0.263139311,0.426637206,0.929747703,0.186168587,0.437659769,0.936033494,0.169511242,-0.107,25.36313079,5,19,56,4.740474047,91.06910691,4.170417042,-0.161,34.02731006,5.65,32,76.75,4.17,81.22,14.59,-0.209,34.89835391,6,32,80,4.138758372,80.20593822,15.64530641,1964.93889,0.08157,0.00355,0.31593,0.01698,0.263,0.005,1931.48011,0.03937,0.00179,0.21131,0.01166,0.186,0.004,1922.04602,0.02617,0.00122,0.15441,0.00975,0.17,0.005,0.03937,0.21131,0.02617,0.15441,0.08157,0.31593,0.02617,0.15441,0.08157,0.31593,0.03937,0.21131
33.5,0.278191321,0.89939749,0.26659665,0.391974718,0.924235227,0.20077665,0.439389604,0.934124362,0.174570441,-0.117,35.42159091,5.35,32,80,4.439556044,77.94220578,17.60823918,-0.171,27.16158599,6,22,56,3.95960404,91.41085891,4.609539046,-0.219,33.81909651,6,32,75,4.14,81.59,14.25,1961.00359,0.06744,0.00302,0.25461,0.01389,0.267,0.005,1926.07469,0.03567,0.00173,0.18435,0.0107,0.201,0.004,1914.44198,0.02318,0.00123,0.13279,0.00865,0.175,0.004,0.03567,0.18435,0.02318,0.13279,0.06744,0.25461,0.02318,0.13279,0.06744,0.25461,0.03567,0.18435
34.5,0.273745116,0.898855597,0.268032667,0.355813954,0.935682271,0.170441982,0.370851865,0.930932155,0.18302979,-0.127,32.13716632,5.65,28,75,4.22,83.86,11.92,-0.181,27.22801236,6,22,59.5,3.919608039,90.94090591,5.119488051,-0.229,36.21140802,6,32,80,3.901560624,78.32132853,17.77711084,1957.11246,0.06973,0.00359,0.26085,0.01574,0.268,0.005,1920.74706,0.03422,0.00185,0.18435,0.01124,0.17,0.003,1907.52251,0.02562,0.00175,0.13995,0.01092,0.183,0.004,0.03422,0.18435,0.02562,0.13995,0.06973,0.26085,0.02562,0.13995,0.06973,0.26085,0.03422,0.18435
35.5,0.297278498,0.888800635,0.294678316,0.333807492,0.939901619,0.159260709,0.308581656,0.928571967,0.189284287,-0.137,26.51283368,5,20,63,4.621386416,89.77693308,5.591677503,-0.191,48.43523316,6.5,38,130,3.360336034,68.46684668,28.16281628,-0.239,39.14006211,6,36,90,4.049190162,73.43531294,22.5054989,1953.37422,0.07166,0.00424,0.2547,0.01719,0.295,0.006,1915.26136,0.02987,0.00167,0.18122,0.0115,0.159,0.003,1900.64068,0.02701,0.00233,0.1427,0.01345,0.189,0.005,0.02987,0.18122,0.02701,0.1427,0.07166,0.2547,0.02701,0.1427,0.07166,0.2547,0.02987,0.18122
36.5,0.366032082,0.888980994,0.294200365,0.394502987,0.937409166,0.16586571,0.325089029,0.929842924,0.185916251,-0.147,32.23186023,5.6,28,75,4.190838168,83.06661332,12.73254651,-0.201,28.5348407,6,25,63,3.698520592,89.91403439,6.37744902,-0.249,36.72957601,6,36,85,4.159584042,77.18228177,18.65813419,1949.25562,0.06209,0.00388,0.21087,0.01468,0.294,0.006,1909.74077,0.03069,0.00205,0.1888,0.01397,0.166,0.003,1893.90327,0.02824,0.00309,0.15187,0.01747,0.186,0.004,0.03069,0.1888,0.02824,0.15187,0.06209,0.21087,0.02824,0.15187,0.06209,0.21087,0.03069,0.1888
37.5,0.400959391,0.894870548,0.278593047,0.358336175,0.935872,0.1699392,0.297275373,0.929276558,0.187417121,-0.157,33.56790123,6,28,80,3.921568627,81.8927571,14.17567027,-0.211,28.1840535,6,22,63,3.87,89.66,6.45,-0.259,36.76035197,6.5,36,80,3.619638036,79.14208579,17.23827617,1943.7139,0.05278,0.00368,0.1843,0.01398,0.279,0.005,1904.85183,0.03191,0.00254,0.19007,0.01625,0.17,0.003,1887.49923,0.03052,0.00452,0.16283,0.02484,0.187,0.004,0.03191,0.19007,0.03052,0.16283,0.05278,0.1843,0.03052,0.16283,0.05278,0.1843,0.03191,0.19007
38.5,0.450083041,0.90025485,0.264324647,0.283494289,0.934722741,0.172984737,0.285532311,0.919565513,0.213151391,-0.167,32.99196704,6,28,75,3.822675873,83.14820374,13.02912038,-0.221,37.97167868,6.5,36,90,3.480696139,76.90538108,19.60392078,-0.269,35.92594872,6.5,36,80,3.640364036,80.3480348,16.01160116,1938.48181,0.05761,0.00524,0.21224,0.02032,0.264,0.005,1899.13142,0.02859,0.0024,0.16673,0.01492,0.173,0.003,1881.90048,0.03197,0.00864,0.14996,0.04087,0.213,0.005,0.02859,0.16673,0.03197,0.14996,0.05761,0.21224,0.03197,0.14996,0.05761,0.21224,0.02859,0.16673
39.5,0.460473338,0.902253505,0.259028213,0.192996782,0.931286147,0.18209171,0.303781985,0.895922095,0.275806447,-0.177,31.49721074,6,25,75,4.069186163,84.24315137,11.67766447,-0.231,74.27388137,7.5,50,212,2.898840464,54.74810076,42.34306277,-0.279,31.58064182,6.5,28,71,3.758872338,86.29411177,9.947015895,1934.45558,0.06198,0.00638,0.23687,0.02544,0.259,0.005,1892.82227,0.02842,0.0031,0.16005,0.01821,0.182,0.004,1874.78758,0.03137,0.01075,0.11373,0.03907,0.276,0.004,0.02842,0.16005,0.03137,0.11373,0.06198,0.23687,0.03137,0.11373,0.06198,0.23687,0.02842,0.16005
40.5,,0.905964202,0.249194864,,0.928862288,0.188514936,,0.886094242,0.301850258,,,,,,,,,,,,,,,,,,,,,,,,,1930.00686,0.06609,0.00718,0.26008,0.02933,0.249,0.005,1886.81648,0.03508,0.00601,0.1893,0.03296,0.189,0.004,1866.52932,0.03372,0.01631,0.11171,0.0541,0.302,0.004,0.03508,0.1893,0.03372,0.11171,0.06609,0.26008,0.03372,0.11171,0.06609,0.26008,0.03508,0.1893
41.5,,0.918393745,0.216256576,,0.929693945,0.186311046,,0.889384179,0.293131925,,,,,,,,,,,,,,,,,,,,,,,,,1926.91203,0.08856,0.01256,0.38052,0.05507,0.216,0.004,1882.6462,0.03313,0.0083,0.17679,0.04463,0.186,0.004,1857.86152,0.02909,0.01592,0.09924,0.05435,0.293,0.005,0.03313,0.17679,0.02909,0.09924,0.08856,0.38052,0.02909,0.09924,0.08856,0.38052,0.03313,0.17679
42.5,,0.922143432,0.206319906,,0.930343493,0.184589744,,0.872349332,0.33827427,,,,,,,,,,,,,,,,,,,,,,,,,1924.77826,0.07881,0.01119,0.37299,0.05414,0.206,0.004,1874.94693,0.02542,0.00703,0.13706,0.03815,0.185,0.004,1845.15847,0.02147,0.01252,0.06347,0.03704,0.338,0.004,0.02542,0.13706,0.02147,0.06347,0.07881,0.37299,0.02147,0.06347,0.07881,0.37299,0.02542,0.13706
43.5,,0.922477629,0.205434282,,0.932790468,0.178105259,,0.871452569,0.340650691,,,,,,,,,,,,,,,,,,,,,,,,,1921.4836,0.05375,0.00787,0.26109,0.03907,0.205,0.004,1868.42332,0.02983,0.01165,0.16448,0.06444,0.178,0.003,1827.59921,0.0211,0.03462,0.06195,0.10163,0.341,0.004,0.02983,0.16448,0.0211,0.06195,0.05375,0.26109,0.0211,0.06195,0.05375,0.26109,0.02983,0.16448
44.5,,0.921331082,0.208472633,,0.930689218,0.183673572,,0.881288784,0.314584724,,,,,,,,,,,,,,,,,,,,,,,,,1916.9947,0.05849,0.01709,0.28264,0.08306,0.208,0.004,1863.03247,0.04511,0.03466,0.2494,0.19175,0.184,0.004,,,,,,0.315,0.005,0.04511,0.2494,,,0.05849,0.28264,,,0.05849,0.28264,0.04511,0.2494
45.5,,0.919426815,0.213518939,,0.922691791,0.204866754,,0.87665907,0.326853466,,,,,,,,,,,,,,,,,,,,,,,,,1914.67426,0.07156,0.03127,0.33916,0.14861,0.214,0.004,1860.87249,0.0477,0.04296,0.24554,0.22128,0.205,0.004,,,,,,0.327,0.004,0.0477,0.24554,,,0.07156,0.33916,,,0.07156,0.33916,0.0477,0.24554
46.5,,0.916003007,0.22259203,,0.915547284,0.223799697,,0.879582532,0.319106291,,,,,,,,,,,,,,,,,,,,,,,,,1910.96507,0.06083,0.02606,0.27895,0.11985,0.223,0.004,1854.10942,0.03157,0.02178,0.14728,0.1017,0.224,0.004,,,,,,0.319,0.004,0.03157,0.14728,,,0.06083,0.27895,,,0.06083,0.27895,0.03157,0.14728
47.5,,0.920459995,0.210781012,,0.909372681,0.240162396,,0.878361906,0.32234095,,,,,,,,,,,,,,,,,,,,,,,,,1907.57204,0.06486,0.03855,0.29932,0.1781,0.211,0.004,1847.52233,0.03474,0.03328,0.14977,0.14355,0.24,0.005,,,,,,0.322,0.005,0.03474,0.14977,,,0.06486,0.29932,,,0.06486,0.29932,0.03474,0.14977
48.5,,0.92325379,0.203377457,,0.902485326,0.258413886,,0.872222859,0.338609425,,,,,,,,,,,,,,,,,,,,,,,,,,,,,,,,,,,,,,,,,,,,,,,,,,,,,,,,,
49.5,,0.922930717,0.2042336,,0.895788749,0.276159815,,0.868952938,0.347274715,,,,,,,,,,,,,,,,,,,,,,,,,,,,,,,,,,,,,,,,,,,,,,,,,,,,,,,,,
